# simulated: 24 subjects, 2x2, one-compartment oral, LLOQ 0.5; S04 P2 3 h missed; S09 P1 8 h BLQ; S07 P2 pre-dose 0.62; S13 P1 emesis at 0.8 h
subject,sequence,period,treatment,time,conc,emesis_time
S01,TR,1,T,0,BLQ,
S01,TR,1,T,0.262,1.795,
S01,TR,1,T,0.504,2.918,
S01,TR,1,T,1.041,5.240,
S01,TR,1,T,1.511,5.321,
S01,TR,1,T,2.04,5.233,
S01,TR,1,T,3.001,5.105,
S01,TR,1,T,4.01,4.887,
S01,TR,1,T,5.999,3.742,
S01,TR,1,T,8.022,3.570,
S01,TR,1,T,12.026,2.145,
S01,TR,1,T,15.971,1.297,
S01,TR,1,T,23.987,0.543,
S01,TR,1,T,36.012,BLQ,
S01,TR,1,T,48.011,BLQ,
S01,TR,2,R,0,BLQ,
S01,TR,2,R,0.244,1.814,
S01,TR,2,R,0.51,3.603,
S01,TR,2,R,1.027,5.248,
S01,TR,2,R,1.517,6.650,
S01,TR,2,R,2.042,5.220,
S01,TR,2,R,3.016,7.566,
S01,TR,2,R,3.985,6.085,
S01,TR,2,R,5.996,4.919,
S01,TR,2,R,7.997,3.764,
S01,TR,2,R,12.02,2.464,
S01,TR,2,R,16.031,1.496,
S01,TR,2,R,23.991,0.641,
S01,TR,2,R,35.998,BLQ,
S01,TR,2,R,47.988,BLQ,
S02,RT,1,R,0,BLQ,
S02,RT,1,R,0.253,3.462,
S02,RT,1,R,0.502,5.598,
S02,RT,1,R,1.005,9.037,
S02,RT,1,R,1.549,10.404,
S02,RT,1,R,2.0,7.954,
S02,RT,1,R,3.02,9.609,
S02,RT,1,R,3.973,9.998,
S02,RT,1,R,6.048,9.192,
S02,RT,1,R,7.984,8.115,
S02,RT,1,R,12.013,6.223,
S02,RT,1,R,16.047,5.470,
S02,RT,1,R,23.984,3.365,
S02,RT,1,R,36.044,1.630,
S02,RT,1,R,47.985,0.803,
S02,RT,2,T,0,BLQ,
S02,RT,2,T,0.246,2.694,
S02,RT,2,T,0.524,4.169,
S02,RT,2,T,1.029,5.823,
S02,RT,2,T,1.479,7.837,
S02,RT,2,T,2.046,7.969,
S02,RT,2,T,2.983,7.766,
S02,RT,2,T,4.009,8.279,
S02,RT,2,T,5.974,7.250,
S02,RT,2,T,8.021,7.119,
S02,RT,2,T,12.028,4.926,
S02,RT,2,T,16.017,3.407,
S02,RT,2,T,23.988,2.496,
S02,RT,2,T,35.971,1.123,
S02,RT,2,T,48.033,0.656,
S03,TR,1,T,0,BLQ,
S03,TR,1,T,0.252,4.128,
S03,TR,1,T,0.505,8.062,
S03,TR,1,T,1.009,10.816,
S03,TR,1,T,1.533,10.872,
S03,TR,1,T,2.004,11.167,
S03,TR,1,T,2.984,10.796,
S03,TR,1,T,4.048,10.840,
S03,TR,1,T,6.0,8.366,
S03,TR,1,T,8.022,6.936,
S03,TR,1,T,11.997,4.732,
S03,TR,1,T,15.979,2.850,
S03,TR,1,T,24.005,1.389,
S03,TR,1,T,35.994,BLQ,
S03,TR,1,T,48.008,BLQ,
S03,TR,2,R,0,BLQ,
S03,TR,2,R,0.25,4.510,
S03,TR,2,R,0.501,7.455,
S03,TR,2,R,1.049,10.852,
S03,TR,2,R,1.541,11.762,
S03,TR,2,R,2.042,11.568,
S03,TR,2,R,3.038,11.425,
S03,TR,2,R,3.998,8.879,
S03,TR,2,R,5.978,9.196,
S03,TR,2,R,7.972,7.397,
S03,TR,2,R,12.002,4.245,
S03,TR,2,R,16.03,3.188,
S03,TR,2,R,23.98,1.205,
S03,TR,2,R,36.035,BLQ,
S03,TR,2,R,48.03,BLQ,
S04,RT,1,R,0,BLQ,
S04,RT,1,R,0.245,2.033,
S04,RT,1,R,0.489,3.035,
S04,RT,1,R,0.999,5.083,
S04,RT,1,R,1.545,6.327,
S04,RT,1,R,2.047,6.870,
S04,RT,1,R,2.988,6.287,
S04,RT,1,R,4.016,6.149,
S04,RT,1,R,6.02,5.166,
S04,RT,1,R,8.002,3.727,
S04,RT,1,R,12.041,2.858,
S04,RT,1,R,15.978,1.978,
S04,RT,1,R,24.006,0.922,
S04,RT,1,R,36.007,BLQ,
S04,RT,1,R,48.024,BLQ,
S04,RT,2,T,0,BLQ,
S04,RT,2,T,0.246,1.894,
S04,RT,2,T,0.52,2.686,
S04,RT,2,T,1.02,5.340,
S04,RT,2,T,1.503,6.062,
S04,RT,2,T,2.013,6.463,
S04,RT,2,T,2.995,,
S04,RT,2,T,4.04,5.711,
S04,RT,2,T,6.043,4.729,
S04,RT,2,T,8.004,4.026,
S04,RT,2,T,12.025,2.908,
S04,RT,2,T,16.033,2.014,
S04,RT,2,T,23.973,0.799,
S04,RT,2,T,35.974,BLQ,
S04,RT,2,T,47.997,BLQ,
S05,TR,1,T,0,BLQ,
S05,TR,1,T,0.244,2.311,
S05,TR,1,T,0.507,4.138,
S05,TR,1,T,1.006,6.079,
S05,TR,1,T,1.547,8.131,
S05,TR,1,T,2.013,8.190,
S05,TR,1,T,3.018,7.907,
S05,TR,1,T,4.006,5.986,
S05,TR,1,T,5.979,5.917,
S05,TR,1,T,7.996,4.309,
S05,TR,1,T,11.976,3.575,
S05,TR,1,T,16.04,2.396,
S05,TR,1,T,24.008,1.316,
S05,TR,1,T,35.975,0.516,
S05,TR,1,T,48.01,BLQ,
S05,TR,2,R,0,BLQ,
S05,TR,2,R,0.255,3.078,
S05,TR,2,R,0.489,5.580,
S05,TR,2,R,1.014,8.790,
S05,TR,2,R,1.473,9.126,
S05,TR,2,R,1.977,9.077,
S05,TR,2,R,3.033,8.914,
S05,TR,2,R,4.042,8.738,
S05,TR,2,R,6.017,6.426,
S05,TR,2,R,7.975,6.267,
S05,TR,2,R,12.01,4.435,
S05,TR,2,R,15.992,3.398,
S05,TR,2,R,24.035,1.676,
S05,TR,2,R,35.97,0.602,
S05,TR,2,R,47.979,BLQ,
S06,RT,1,R,0,BLQ,
S06,RT,1,R,0.262,5.104,
S06,RT,1,R,0.5,6.620,
S06,RT,1,R,1.024,9.359,
S06,RT,1,R,1.507,9.155,
S06,RT,1,R,1.996,10.264,
S06,RT,1,R,3.034,7.768,
S06,RT,1,R,4.025,6.594,
S06,RT,1,R,5.979,7.740,
S06,RT,1,R,7.987,5.483,
S06,RT,1,R,11.976,3.488,
S06,RT,1,R,16.042,2.183,
S06,RT,1,R,24.042,1.021,
S06,RT,1,R,35.976,BLQ,
S06,RT,1,R,48.045,BLQ,
S06,RT,2,T,0,BLQ,
S06,RT,2,T,0.256,4.361,
S06,RT,2,T,0.49,7.158,
S06,RT,2,T,1.014,9.941,
S06,RT,2,T,1.491,10.537,
S06,RT,2,T,1.977,9.703,
S06,RT,2,T,3.046,10.844,
S06,RT,2,T,4.003,8.926,
S06,RT,2,T,6.018,7.444,
S06,RT,2,T,8.043,5.605,
S06,RT,2,T,11.987,3.808,
S06,RT,2,T,16.01,2.339,
S06,RT,2,T,24.02,1.039,
S06,RT,2,T,36.048,BLQ,
S06,RT,2,T,48.004,BLQ,
S07,TR,1,T,0,BLQ,
S07,TR,1,T,0.254,1.982,
S07,TR,1,T,0.522,3.797,
S07,TR,1,T,1.01,4.755,
S07,TR,1,T,1.502,5.144,
S07,TR,1,T,2.039,4.971,
S07,TR,1,T,2.993,4.889,
S07,TR,1,T,4.02,4.255,
S07,TR,1,T,6.025,3.231,
S07,TR,1,T,8.024,2.347,
S07,TR,1,T,12.034,1.430,
S07,TR,1,T,16.038,0.747,
S07,TR,1,T,24.046,BLQ,
S07,TR,1,T,35.982,BLQ,
S07,TR,1,T,48.039,BLQ,
S07,TR,2,R,0,0.620,
S07,TR,2,R,0.248,2.770,
S07,TR,2,R,0.514,4.999,
S07,TR,2,R,0.997,7.244,
S07,TR,2,R,1.476,7.572,
S07,TR,2,R,1.998,7.648,
S07,TR,2,R,3.046,5.554,
S07,TR,2,R,4.041,5.370,
S07,TR,2,R,6.043,4.088,
S07,TR,2,R,8.045,3.251,
S07,TR,2,R,12.012,1.701,
S07,TR,2,R,16.017,1.022,
S07,TR,2,R,23.997,BLQ,
S07,TR,2,R,36.013,BLQ,
S07,TR,2,R,48.043,BLQ,
S08,RT,1,R,0,BLQ,
S08,RT,1,R,0.249,3.704,
S08,RT,1,R,0.522,6.115,
S08,RT,1,R,0.999,9.192,
S08,RT,1,R,1.496,10.420,
S08,RT,1,R,2.008,10.586,
S08,RT,1,R,2.988,8.817,
S08,RT,1,R,4.04,7.767,
S08,RT,1,R,5.983,6.626,
S08,RT,1,R,8.031,6.497,
S08,RT,1,R,12.045,5.057,
S08,RT,1,R,16.037,3.190,
S08,RT,1,R,24.025,1.481,
S08,RT,1,R,35.996,BLQ,
S08,RT,1,R,47.982,BLQ,
S08,RT,2,T,0,BLQ,
S08,RT,2,T,0.245,2.485,
S08,RT,2,T,0.492,4.216,
S08,RT,2,T,0.993,6.406,
S08,RT,2,T,1.488,7.096,
S08,RT,2,T,2.035,7.008,
S08,RT,2,T,3.032,5.741,
S08,RT,2,T,4.033,7.023,
S08,RT,2,T,6.031,5.169,
S08,RT,2,T,7.996,4.811,
S08,RT,2,T,12.007,2.983,
S08,RT,2,T,16.041,2.269,
S08,RT,2,T,23.996,1.389,
S08,RT,2,T,36.033,BLQ,
S08,RT,2,T,48.03,BLQ,
S09,TR,1,T,0,BLQ,
S09,TR,1,T,0.244,5.354,
S09,TR,1,T,0.504,10.267,
S09,TR,1,T,1.003,12.370,
S09,TR,1,T,1.506,13.510,
S09,TR,1,T,2.042,11.880,
S09,TR,1,T,3.009,12.508,
S09,TR,1,T,4.021,9.948,
S09,TR,1,T,5.971,7.404,
S09,TR,1,T,8.014,BLQ,
S09,TR,1,T,12.032,2.691,
S09,TR,1,T,16.043,1.683,
S09,TR,1,T,23.998,BLQ,
S09,TR,1,T,36.01,BLQ,
S09,TR,1,T,47.983,BLQ,
S09,TR,2,R,0,BLQ,
S09,TR,2,R,0.253,5.062,
S09,TR,2,R,0.52,7.174,
S09,TR,2,R,1.011,10.984,
S09,TR,2,R,1.531,12.355,
S09,TR,2,R,2.027,10.055,
S09,TR,2,R,2.978,10.097,
S09,TR,2,R,3.974,8.336,
S09,TR,2,R,5.993,5.252,
S09,TR,2,R,8.039,4.033,
S09,TR,2,R,11.986,2.450,
S09,TR,2,R,16.004,1.171,
S09,TR,2,R,24.01,BLQ,
S09,TR,2,R,35.991,BLQ,
S09,TR,2,R,47.998,BLQ,
S10,RT,1,R,0,BLQ,
S10,RT,1,R,0.247,1.895,
S10,RT,1,R,0.507,3.804,
S10,RT,1,R,1.014,4.800,
S10,RT,1,R,1.494,5.213,
S10,RT,1,R,2.021,6.269,
S10,RT,1,R,2.987,5.998,
S10,RT,1,R,4.024,6.031,
S10,RT,1,R,6.002,4.209,
S10,RT,1,R,7.982,3.342,
S10,RT,1,R,12.015,2.204,
S10,RT,1,R,16.002,1.608,
S10,RT,1,R,24.0,0.604,
S10,RT,1,R,36.026,BLQ,
S10,RT,1,R,48.032,BLQ,
S10,RT,2,T,0,BLQ,
S10,RT,2,T,0.255,2.103,
S10,RT,2,T,0.502,3.596,
S10,RT,2,T,0.993,4.306,
S10,RT,2,T,1.525,5.611,
S10,RT,2,T,1.977,6.178,
S10,RT,2,T,3.048,5.597,
S10,RT,2,T,4.032,5.671,
S10,RT,2,T,5.981,4.000,
S10,RT,2,T,7.986,3.065,
S10,RT,2,T,12.021,2.460,
S10,RT,2,T,16.04,1.453,
S10,RT,2,T,24.043,0.676,
S10,RT,2,T,36.003,BLQ,
S10,RT,2,T,48.048,BLQ,
S11,TR,1,T,0,BLQ,
S11,TR,1,T,0.259,5.227,
S11,TR,1,T,0.49,8.139,
S11,TR,1,T,1.034,9.590,
S11,TR,1,T,1.538,11.763,
S11,TR,1,T,1.979,10.523,
S11,TR,1,T,3.022,8.514,
S11,TR,1,T,3.978,8.262,
S11,TR,1,T,5.98,6.851,
S11,TR,1,T,8.001,4.657,
S11,TR,1,T,11.99,2.663,
S11,TR,1,T,16.02,1.478,
S11,TR,1,T,23.989,0.554,
S11,TR,1,T,36.012,BLQ,
S11,TR,1,T,47.998,BLQ,
S11,TR,2,R,0,BLQ,
S11,TR,2,R,0.245,4.615,
S11,TR,2,R,0.499,7.696,
S11,TR,2,R,0.991,10.081,
S11,TR,2,R,1.516,11.230,
S11,TR,2,R,2.013,9.348,
S11,TR,2,R,2.974,9.701,
S11,TR,2,R,4.019,7.910,
S11,TR,2,R,6.001,7.053,
S11,TR,2,R,7.981,4.811,
S11,TR,2,R,11.98,2.785,
S11,TR,2,R,15.978,1.801,
S11,TR,2,R,23.972,BLQ,
S11,TR,2,R,36.014,BLQ,
S11,TR,2,R,48.043,BLQ,
S12,RT,1,R,0,BLQ,
S12,RT,1,R,0.251,4.364,
S12,RT,1,R,0.501,5.784,
S12,RT,1,R,1.013,10.060,
S12,RT,1,R,1.54,10.214,
S12,RT,1,R,1.998,7.454,
S12,RT,1,R,3.037,7.405,
S12,RT,1,R,3.996,6.364,
S12,RT,1,R,5.988,6.009,
S12,RT,1,R,8.042,4.399,
S12,RT,1,R,11.983,2.408,
S12,RT,1,R,16.021,1.777,
S12,RT,1,R,24.048,0.641,
S12,RT,1,R,35.976,BLQ,
S12,RT,1,R,48.0,BLQ,
S12,RT,2,T,0,BLQ,
S12,RT,2,T,0.262,2.698,
S12,RT,2,T,0.491,4.772,
S12,RT,2,T,1.011,5.982,
S12,RT,2,T,1.477,7.434,
S12,RT,2,T,1.995,7.069,
S12,RT,2,T,2.973,6.101,
S12,RT,2,T,4.021,5.652,
S12,RT,2,T,6.033,4.258,
S12,RT,2,T,8.028,3.657,
S12,RT,2,T,11.999,2.026,
S12,RT,2,T,16.015,1.245,
S12,RT,2,T,23.973,BLQ,
S12,RT,2,T,35.988,BLQ,
S12,RT,2,T,47.993,BLQ,
S13,TR,1,T,0,BLQ,0.8
S13,TR,1,T,0.259,4.136,0.8
S13,TR,1,T,0.517,5.851,0.8
S13,TR,1,T,1.016,7.696,0.8
S13,TR,1,T,1.512,9.271,0.8
S13,TR,1,T,2.017,7.963,0.8
S13,TR,1,T,2.986,7.359,0.8
S13,TR,1,T,3.984,7.634,0.8
S13,TR,1,T,6.028,5.299,0.8
S13,TR,1,T,7.993,4.805,0.8
S13,TR,1,T,11.984,3.510,0.8
S13,TR,1,T,16.05,2.035,0.8
S13,TR,1,T,23.996,0.867,0.8
S13,TR,1,T,35.992,BLQ,0.8
S13,TR,1,T,47.972,BLQ,0.8
S13,TR,2,R,0,BLQ,
S13,TR,2,R,0.251,4.561,
S13,TR,2,R,0.491,7.510,
S13,TR,2,R,1.009,10.551,
S13,TR,2,R,1.476,10.621,
S13,TR,2,R,2.039,10.133,
S13,TR,2,R,2.97,10.249,
S13,TR,2,R,4.042,7.994,
S13,TR,2,R,6.027,6.610,
S13,TR,2,R,8.03,6.684,
S13,TR,2,R,12.002,3.920,
S13,TR,2,R,16.006,2.383,
S13,TR,2,R,23.994,1.205,
S13,TR,2,R,35.982,BLQ,
S13,TR,2,R,48.015,BLQ,
S14,RT,1,R,0,BLQ,
S14,RT,1,R,0.257,2.912,
S14,RT,1,R,0.519,4.534,
S14,RT,1,R,0.987,7.215,
S14,RT,1,R,1.492,8.732,
S14,RT,1,R,2.026,9.146,
S14,RT,1,R,3.048,9.206,
S14,RT,1,R,3.976,8.672,
S14,RT,1,R,5.985,6.795,
S14,RT,1,R,8.034,5.616,
S14,RT,1,R,12.009,3.196,
S14,RT,1,R,15.995,3.013,
S14,RT,1,R,24.026,1.161,
S14,RT,1,R,36.047,BLQ,
S14,RT,1,R,48.024,BLQ,
S14,RT,2,T,0,BLQ,
S14,RT,2,T,0.251,2.807,
S14,RT,2,T,0.497,4.842,
S14,RT,2,T,1.031,7.492,
S14,RT,2,T,1.526,8.087,
S14,RT,2,T,1.973,9.726,
S14,RT,2,T,3.011,9.342,
S14,RT,2,T,4.033,7.546,
S14,RT,2,T,6.004,7.343,
S14,RT,2,T,8.006,5.509,
S14,RT,2,T,12.011,4.033,
S14,RT,2,T,16.002,2.639,
S14,RT,2,T,24.024,1.023,
S14,RT,2,T,35.997,BLQ,
S14,RT,2,T,48.016,BLQ,
S15,TR,1,T,0,BLQ,
S15,TR,1,T,0.249,4.199,
S15,TR,1,T,0.495,7.720,
S15,TR,1,T,1.018,10.058,
S15,TR,1,T,1.502,10.236,
S15,TR,1,T,2.0,10.571,
S15,TR,1,T,3.034,10.092,
S15,TR,1,T,3.973,9.863,
S15,TR,1,T,5.995,6.978,
S15,TR,1,T,7.989,6.423,
S15,TR,1,T,12.049,3.850,
S15,TR,1,T,15.987,2.683,
S15,TR,1,T,23.998,1.278,
S15,TR,1,T,35.971,BLQ,
S15,TR,1,T,48.025,BLQ,
S15,TR,2,R,0,BLQ,
S15,TR,2,R,0.246,3.887,
S15,TR,2,R,0.518,6.348,
S15,TR,2,R,0.985,8.873,
S15,TR,2,R,1.499,10.380,
S15,TR,2,R,2.047,9.252,
S15,TR,2,R,3.003,11.039,
S15,TR,2,R,3.992,9.136,
S15,TR,2,R,5.993,7.231,
S15,TR,2,R,8.04,5.367,
S15,TR,2,R,11.979,4.350,
S15,TR,2,R,16.021,2.497,
S15,TR,2,R,24.028,0.924,
S15,TR,2,R,36.007,BLQ,
S15,TR,2,R,48.009,BLQ,
S16,RT,1,R,0,BLQ,
S16,RT,1,R,0.259,3.268,
S16,RT,1,R,0.511,6.140,
S16,RT,1,R,1.002,7.406,
S16,RT,1,R,1.507,7.975,
S16,RT,1,R,1.999,10.927,
S16,RT,1,R,2.99,8.115,
S16,RT,1,R,3.999,6.896,
S16,RT,1,R,6.025,5.967,
S16,RT,1,R,8.006,3.722,
S16,RT,1,R,12.038,2.660,
S16,RT,1,R,15.971,1.427,
S16,RT,1,R,23.997,BLQ,
S16,RT,1,R,36.01,BLQ,
S16,RT,1,R,48.037,BLQ,
S16,RT,2,T,0,BLQ,
S16,RT,2,T,0.255,3.317,
S16,RT,2,T,0.486,6.495,
S16,RT,2,T,1.024,8.819,
S16,RT,2,T,1.494,8.837,
S16,RT,2,T,1.999,9.102,
S16,RT,2,T,3.011,8.070,
S16,RT,2,T,3.982,7.497,
S16,RT,2,T,5.984,5.047,
S16,RT,2,T,8.02,3.906,
S16,RT,2,T,11.983,2.295,
S16,RT,2,T,16.038,1.566,
S16,RT,2,T,24.045,0.554,
S16,RT,2,T,35.979,BLQ,
S16,RT,2,T,48.037,BLQ,
S17,TR,1,T,0,BLQ,
S17,TR,1,T,0.255,2.107,
S17,TR,1,T,0.492,3.210,
S17,TR,1,T,0.974,5.392,
S17,TR,1,T,1.475,6.391,
S17,TR,1,T,2.008,7.575,
S17,TR,1,T,3.022,7.351,
S17,TR,1,T,4.019,6.603,
S17,TR,1,T,5.989,5.430,
S17,TR,1,T,7.995,4.862,
S17,TR,1,T,11.974,2.770,
S17,TR,1,T,15.972,1.844,
S17,TR,1,T,24.012,0.932,
S17,TR,1,T,35.999,BLQ,
S17,TR,1,T,48.039,BLQ,
S17,TR,2,R,0,BLQ,
S17,TR,2,R,0.247,1.577,
S17,TR,2,R,0.492,2.613,
S17,TR,2,R,0.97,4.300,
S17,TR,2,R,1.479,4.800,
S17,TR,2,R,2.019,5.642,
S17,TR,2,R,2.97,6.713,
S17,TR,2,R,4.01,6.802,
S17,TR,2,R,6.001,4.113,
S17,TR,2,R,8.048,4.690,
S17,TR,2,R,11.991,2.772,
S17,TR,2,R,16.009,1.756,
S17,TR,2,R,23.979,0.725,
S17,TR,2,R,36.002,BLQ,
S17,TR,2,R,47.972,BLQ,
S18,RT,1,R,0,BLQ,
S18,RT,1,R,0.248,3.417,
S18,RT,1,R,0.504,5.209,
S18,RT,1,R,0.996,7.487,
S18,RT,1,R,1.546,7.835,
S18,RT,1,R,2.039,7.622,
S18,RT,1,R,3.022,7.661,
S18,RT,1,R,4.01,6.400,
S18,RT,1,R,5.987,5.443,
S18,RT,1,R,8.032,4.818,
S18,RT,1,R,12.011,2.975,
S18,RT,1,R,15.985,2.495,
S18,RT,1,R,24.042,1.280,
S18,RT,1,R,36.03,BLQ,
S18,RT,1,R,48.005,BLQ,
S18,RT,2,T,0,BLQ,
S18,RT,2,T,0.245,2.193,
S18,RT,2,T,0.491,3.370,
S18,RT,2,T,0.99,5.515,
S18,RT,2,T,1.518,5.688,
S18,RT,2,T,2.04,5.395,
S18,RT,2,T,3.021,5.453,
S18,RT,2,T,3.992,5.624,
S18,RT,2,T,6.004,3.820,
S18,RT,2,T,8.011,3.077,
S18,RT,2,T,12.027,2.291,
S18,RT,2,T,15.974,1.918,
S18,RT,2,T,23.978,0.856,
S18,RT,2,T,36.001,BLQ,
S18,RT,2,T,47.988,BLQ,
S19,TR,1,T,0,BLQ,
S19,TR,1,T,0.26,2.432,
S19,TR,1,T,0.5,3.968,
S19,TR,1,T,1.006,5.415,
S19,TR,1,T,1.497,6.251,
S19,TR,1,T,2.02,6.053,
S19,TR,1,T,3.041,4.905,
S19,TR,1,T,3.993,4.828,
S19,TR,1,T,5.992,4.602,
S19,TR,1,T,8.03,3.838,
S19,TR,1,T,11.974,3.528,
S19,TR,1,T,16.015,2.210,
S19,TR,1,T,24.001,1.118,
S19,TR,1,T,35.984,BLQ,
S19,TR,1,T,48.024,BLQ,
S19,TR,2,R,0,BLQ,
S19,TR,2,R,0.256,2.800,
S19,TR,2,R,0.515,4.576,
S19,TR,2,R,0.981,6.533,
S19,TR,2,R,1.508,7.703,
S19,TR,2,R,1.997,7.869,
S19,TR,2,R,3.017,6.382,
S19,TR,2,R,4.028,6.583,
S19,TR,2,R,5.976,5.159,
S19,TR,2,R,7.992,4.447,
S19,TR,2,R,12.013,3.625,
S19,TR,2,R,15.971,3.195,
S19,TR,2,R,23.99,1.445,
S19,TR,2,R,35.998,BLQ,
S19,TR,2,R,47.972,BLQ,
S20,RT,1,R,0,BLQ,
S20,RT,1,R,0.246,4.602,
S20,RT,1,R,0.497,6.445,
S20,RT,1,R,0.996,9.167,
S20,RT,1,R,1.541,10.438,
S20,RT,1,R,2.017,10.365,
S20,RT,1,R,2.993,9.400,
S20,RT,1,R,4.022,8.681,
S20,RT,1,R,6.026,6.653,
S20,RT,1,R,7.978,5.102,
S20,RT,1,R,12.003,2.897,
S20,RT,1,R,16.038,1.475,
S20,RT,1,R,23.99,0.516,
S20,RT,1,R,36.041,BLQ,
S20,RT,1,R,47.982,BLQ,
S20,RT,2,T,0,BLQ,
S20,RT,2,T,0.257,4.178,
S20,RT,2,T,0.509,6.534,
S20,RT,2,T,1.006,9.670,
S20,RT,2,T,1.506,10.122,
S20,RT,2,T,1.981,10.321,
S20,RT,2,T,3.02,8.287,
S20,RT,2,T,3.972,7.581,
S20,RT,2,T,5.978,6.374,
S20,RT,2,T,7.971,5.106,
S20,RT,2,T,11.971,2.764,
S20,RT,2,T,15.985,1.375,
S20,RT,2,T,24.017,BLQ,
S20,RT,2,T,36.041,BLQ,
S20,RT,2,T,47.983,BLQ,
S21,TR,1,T,0,BLQ,
S21,TR,1,T,0.243,6.232,
S21,TR,1,T,0.51,8.563,
S21,TR,1,T,1.03,10.833,
S21,TR,1,T,1.525,11.134,
S21,TR,1,T,1.987,12.925,
S21,TR,1,T,3.035,9.058,
S21,TR,1,T,4.023,7.286,
S21,TR,1,T,6.026,4.706,
S21,TR,1,T,7.998,4.020,
S21,TR,1,T,11.986,1.901,
S21,TR,1,T,15.994,1.024,
S21,TR,1,T,24.007,BLQ,
S21,TR,1,T,35.976,BLQ,
S21,TR,1,T,47.97,BLQ,
S21,TR,2,R,0,BLQ,
S21,TR,2,R,0.254,6.073,
S21,TR,2,R,0.51,9.538,
S21,TR,2,R,1.05,11.958,
S21,TR,2,R,1.523,12.209,
S21,TR,2,R,1.987,10.448,
S21,TR,2,R,2.988,10.085,
S21,TR,2,R,4.027,7.917,
S21,TR,2,R,6.006,5.596,
S21,TR,2,R,7.994,4.018,
S21,TR,2,R,12.026,1.766,
S21,TR,2,R,16.015,0.987,
S21,TR,2,R,23.993,BLQ,
S21,TR,2,R,35.995,BLQ,
S21,TR,2,R,47.982,BLQ,
S22,RT,1,R,0,BLQ,
S22,RT,1,R,0.25,5.520,
S22,RT,1,R,0.493,6.804,
S22,RT,1,R,1.039,9.545,
S22,RT,1,R,1.49,10.069,
S22,RT,1,R,1.973,9.887,
S22,RT,1,R,2.973,8.277,
S22,RT,1,R,4.027,6.479,
S22,RT,1,R,6.023,5.895,
S22,RT,1,R,8.048,4.238,
S22,RT,1,R,11.995,2.392,
S22,RT,1,R,15.973,1.380,
S22,RT,1,R,24.032,0.527,
S22,RT,1,R,35.998,BLQ,
S22,RT,1,R,48.016,BLQ,
S22,RT,2,T,0,BLQ,
S22,RT,2,T,0.257,3.345,
S22,RT,2,T,0.503,5.332,
S22,RT,2,T,0.973,7.923,
S22,RT,2,T,1.511,7.927,
S22,RT,2,T,1.997,7.169,
S22,RT,2,T,3.042,5.801,
S22,RT,2,T,4.046,4.663,
S22,RT,2,T,6.03,4.409,
S22,RT,2,T,7.993,3.230,
S22,RT,2,T,12.038,1.789,
S22,RT,2,T,16.043,1.133,
S22,RT,2,T,23.989,BLQ,
S22,RT,2,T,35.998,BLQ,
S22,RT,2,T,47.97,BLQ,
S23,TR,1,T,0,BLQ,
S23,TR,1,T,0.245,2.334,
S23,TR,1,T,0.518,4.388,
S23,TR,1,T,1.006,6.262,
S23,TR,1,T,1.533,6.618,
S23,TR,1,T,2.042,6.925,
S23,TR,1,T,3.028,5.432,
S23,TR,1,T,4.036,5.121,
S23,TR,1,T,6.011,3.577,
S23,TR,1,T,8.022,2.891,
S23,TR,1,T,12.003,1.445,
S23,TR,1,T,16.048,0.798,
S23,TR,1,T,24.047,BLQ,
S23,TR,1,T,36.035,BLQ,
S23,TR,1,T,47.999,BLQ,
S23,TR,2,R,0,BLQ,
S23,TR,2,R,0.248,2.355,
S23,TR,2,R,0.511,4.275,
S23,TR,2,R,1.009,6.365,
S23,TR,2,R,1.508,6.433,
S23,TR,2,R,2.036,7.870,
S23,TR,2,R,2.982,6.551,
S23,TR,2,R,3.989,5.662,
S23,TR,2,R,6.013,4.179,
S23,TR,2,R,8.001,3.241,
S23,TR,2,R,11.985,1.595,
S23,TR,2,R,15.973,0.834,
S23,TR,2,R,23.971,BLQ,
S23,TR,2,R,35.975,BLQ,
S23,TR,2,R,47.996,BLQ,
S24,RT,1,R,0,BLQ,
S24,RT,1,R,0.26,3.725,
S24,RT,1,R,0.524,5.927,
S24,RT,1,R,1.049,8.769,
S24,RT,1,R,1.511,8.056,
S24,RT,1,R,2.023,8.232,
S24,RT,1,R,2.976,7.100,
S24,RT,1,R,4.034,6.645,
S24,RT,1,R,5.981,5.241,
S24,RT,1,R,7.991,3.835,
S24,RT,1,R,12.008,2.369,
S24,RT,1,R,16.034,1.186,
S24,RT,1,R,24.04,BLQ,
S24,RT,1,R,36.003,BLQ,
S24,RT,1,R,47.983,BLQ,
S24,RT,2,T,0,BLQ,
S24,RT,2,T,0.25,3.726,
S24,RT,2,T,0.509,5.669,
S24,RT,2,T,0.979,8.251,
S24,RT,2,T,1.535,9.231,
S24,RT,2,T,2.01,7.881,
S24,RT,2,T,3.005,7.369,
S24,RT,2,T,3.98,5.791,
S24,RT,2,T,6.001,5.212,
S24,RT,2,T,7.998,3.888,
S24,RT,2,T,11.976,2.412,
S24,RT,2,T,15.983,1.395,
S24,RT,2,T,24.033,BLQ,
S24,RT,2,T,35.992,BLQ,
S24,RT,2,T,48.028,BLQ,
