subject,sequence,period,treatment,value
TRR-0,TRR,1,T,48.92532977778458
TRR-0,TRR,2,R,92.78839728546947
TRR-0,TRR,3,R,43.69122286295134
TRR-1,TRR,1,T,94.02652597859198
TRR-1,TRR,2,R,62.645808246331995
TRR-1,TRR,3,R,113.33911570572295
TRR-2,TRR,1,T,43.66779794997171
TRR-2,TRR,2,R,18.845889389584954
TRR-2,TRR,3,R,125.45507291135218
TRR-3,TRR,1,T,67.76097220656041
TRR-3,TRR,2,R,79.14388032734422
TRR-3,TRR,3,R,66.26573208244683
TRR-4,TRR,1,T,33.473624254547765
TRR-4,TRR,2,R,86.76523744355542
TRR-4,TRR,3,R,52.70846455222058
TRR-5,TRR,1,T,21.98204146984332
TRR-5,TRR,2,R,14.460348840106759
TRR-5,TRR,3,R,34.32071052514692
TRR-6,TRR,1,T,26.731345944481248
TRR-6,TRR,2,R,41.32680174370348
TRR-6,TRR,3,R,35.10393645060466
TRR-7,TRR,1,T,54.23042842354235
TRR-7,TRR,2,R,37.6402023777104
TRR-7,TRR,3,R,107.79701081368626
TRR-8,TRR,1,T,26.812402771323594
TRR-8,TRR,2,R,38.55338641060469
TRR-8,TRR,3,R,36.220792265839
TRR-9,TRR,1,T,63.35339913628074
TRR-9,TRR,2,R,214.20765732916152
TRR-9,TRR,3,R,64.43370536823414
TRR-10,TRR,1,T,19.105213001490686
TRR-10,TRR,2,R,21.062239889279237
TRR-10,TRR,3,R,66.99316369833264
TRR-11,TRR,1,T,190.1011712185221
TRR-11,TRR,2,R,21.328737085516305
TRR-11,TRR,3,R,139.03411452710034
RTR-0,RTR,1,R,44.73186973590394
RTR-0,RTR,2,T,22.4546586703025
RTR-0,RTR,3,R,26.35082048037593
RTR-1,RTR,1,R,25.168299022849354
RTR-1,RTR,2,T,46.365849128959184
RTR-1,RTR,3,R,23.54053509512132
RTR-2,RTR,1,R,23.084695807462175
RTR-2,RTR,2,T,16.083586325024303
RTR-2,RTR,3,R,53.80890606985552
RTR-3,RTR,1,R,121.22713906335395
RTR-3,RTR,2,T,58.099264924617856
RTR-3,RTR,3,R,133.87802872791295
RTR-4,RTR,1,R,98.99569531880634
RTR-4,RTR,2,T,72.13900393739198
RTR-4,RTR,3,R,113.74999479827731
RTR-5,RTR,1,R,30.48749529151243
RTR-5,RTR,2,T,66.8709691606987
RTR-5,RTR,3,R,73.54348771386289
RTR-6,RTR,1,R,92.69247908041633
RTR-6,RTR,2,T,96.01234882268047
RTR-6,RTR,3,R,106.49086839283846
RTR-7,RTR,1,R,92.5325556663993
RTR-7,RTR,2,T,41.97742170806743
RTR-7,RTR,3,R,73.4351189668294
RTR-8,RTR,1,R,11.778661776158735
RTR-8,RTR,2,T,18.858329652882684
RTR-8,RTR,3,R,33.33631241628177
RTR-9,RTR,1,R,130.54083144033612
RTR-9,RTR,2,T,77.86072997283497
RTR-9,RTR,3,R,80.25051987966734
RTR-10,RTR,1,R,56.26572892246852
RTR-10,RTR,2,T,148.87735607736624
RTR-10,RTR,3,R,170.79137718831785
RTR-11,RTR,1,R,18.397007997125066
RTR-11,RTR,2,T,27.07423169324938
RTR-11,RTR,3,R,54.9485264747479
RRT-0,RRT,1,R,28.536788700468165
RRT-0,RRT,2,R,32.43427691260794
RRT-0,RRT,3,T,27.384793191449607
RRT-1,RRT,1,R,172.17441299517424
RRT-1,RRT,2,R,170.05754158079617
RRT-1,RRT,3,T,95.99334234935276
RRT-2,RRT,1,R,122.99146391739907
RRT-2,RRT,2,R,83.9367790732865
RRT-2,RRT,3,T,49.60385858030676
RRT-3,RRT,1,R,53.35504196977333
RRT-3,RRT,2,R,70.13336428164438
RRT-3,RRT,3,T,104.07889992738399
RRT-4,RRT,1,R,103.97047067346769
RRT-4,RRT,2,R,89.31667762548165
RRT-4,RRT,3,T,123.75029109985599
RRT-5,RRT,1,R,53.79916562295866
RRT-5,RRT,2,R,146.6932535272572
RRT-5,RRT,3,T,102.69002200293548
RRT-6,RRT,1,R,100.8965298414822
RRT-6,RRT,2,R,87.3013022801988
RRT-6,RRT,3,T,92.18099860997022
RRT-7,RRT,1,R,45.00150286486945
RRT-7,RRT,2,R,56.31814390965812
RRT-7,RRT,3,T,77.67645916678894
RRT-8,RRT,1,R,114.15935802909323
RRT-8,RRT,2,R,137.84523919215164
RRT-8,RRT,3,T,129.2717922138393
RRT-9,RRT,1,R,63.41615414983579
RRT-9,RRT,2,R,95.04341289277463
RRT-9,RRT,3,T,148.8833384912828
RRT-10,RRT,1,R,20.635852046536364
RRT-10,RRT,2,R,30.30575891762645
RRT-10,RRT,3,T,33.99723250387078
RRT-11,RRT,1,R,26.425742428299404
RRT-11,RRT,2,R,66.0973033626468
RRT-11,RRT,3,T,148.89897358155912
